学生id,uid,总交互次数,去重习题数,去重知识点数,重复做题次数,重复做过的习题数,答对次数,答错次数,答对率,习题覆盖率,知识点覆盖率
uid0,0,173,170,47,3,3,49,124,0.283237,0.179325,0.824561
uid1,1,15,15,12,0,0,15,0,1.000000,0.015823,0.210526
uid2,2,89,88,39,1,1,57,32,0.640449,0.092827,0.684211
uid3,3,62,62,33,0,0,44,18,0.709677,0.065401,0.578947
uid4,4,173,172,47,1,1,121,52,0.699422,0.181435,0.824561
uid5,5,157,157,46,0,0,91,66,0.579618,0.165612,0.807018
uid6,6,175,173,46,2,2,130,45,0.742857,0.182489,0.807018
uid7,7,115,114,43,1,1,83,32,0.721739,0.120253,0.754386
uid8,8,65,65,37,0,0,54,11,0.830769,0.068565,0.649123
uid9,9,62,59,28,3,3,24,38,0.387097,0.062236,0.491228
uid10,10,24,24,17,0,0,5,19,0.208333,0.025316,0.298246
uid11,11,175,173,47,2,2,133,42,0.760000,0.182489,0.824561
uid12,12,105,102,41,3,3,44,61,0.419048,0.107595,0.719298
uid13,13,29,27,18,2,2,15,14,0.517241,0.028481,0.315789
uid14,14,145,144,43,1,1,72,73,0.496552,0.151899,0.754386
uid15,15,79,77,36,2,2,46,33,0.582278,0.081224,0.631579
uid16,16,27,25,19,2,2,12,15,0.444444,0.026371,0.333333
uid17,17,54,54,31,0,0,41,13,0.759259,0.056962,0.543860
uid18,18,139,137,44,2,2,112,27,0.805755,0.144515,0.771930
uid19,19,163,161,45,2,2,96,67,0.588957,0.169831,0.789474
uid20,20,105,105,42,0,0,59,46,0.561905,0.110759,0.736842
uid21,21,54,54,31,0,0,29,25,0.537037,0.056962,0.543860
uid22,22,23,23,15,0,0,7,16,0.304348,0.024262,0.263158
uid23,23,104,104,42,0,0,65,39,0.625000,0.109705,0.736842
uid24,24,15,13,12,2,2,6,9,0.400000,0.013713,0.210526
uid25,25,78,77,40,1,1,38,40,0.487179,0.081224,0.701754
uid26,26,86,85,38,1,1,61,25,0.709302,0.089662,0.666667
uid27,27,80,79,37,1,1,24,56,0.300000,0.083333,0.649123
uid28,28,43,41,29,2,2,14,29,0.325581,0.043249,0.508772
uid29,29,167,167,48,0,0,70,97,0.419162,0.176160,0.842105
uid30,30,84,83,35,1,1,21,63,0.250000,0.087553,0.614035
uid31,31,169,168,44,1,1,69,100,0.408284,0.177215,0.771930
uid32,32,54,52,30,2,2,27,27,0.500000,0.054852,0.526316
uid33,33,87,86,40,1,1,34,53,0.390805,0.090717,0.701754
uid34,34,173,171,45,2,2,98,75,0.566474,0.180380,0.789474
uid35,35,103,101,40,2,2,48,55,0.466019,0.106540,0.701754
uid36,36,136,134,45,2,2,34,102,0.250000,0.141350,0.789474
uid37,37,160,160,47,0,0,110,50,0.687500,0.168776,0.824561
uid38,38,106,105,38,1,1,69,37,0.650943,0.110759,0.666667
uid39,39,118,116,41,2,2,78,40,0.661017,0.122363,0.719298
uid40,40,132,130,45,2,2,24,108,0.181818,0.137131,0.789474
uid41,41,121,119,41,2,2,32,89,0.264463,0.125527,0.719298
uid42,42,180,177,45,3,3,100,80,0.555556,0.186709,0.789474
uid43,43,125,125,43,0,0,28,97,0.224000,0.131857,0.754386
uid44,44,79,78,36,1,1,17,62,0.215190,0.082278,0.631579
uid45,45,187,187,47,0,0,101,86,0.540107,0.197257,0.824561
uid46,46,58,58,33,0,0,45,13,0.775862,0.061181,0.578947
uid47,47,20,20,20,0,0,3,17,0.150000,0.021097,0.350877
uid48,48,67,67,37,0,0,45,22,0.671642,0.070675,0.649123
uid49,49,159,157,46,2,2,83,76,0.522013,0.165612,0.807018
uid50,50,186,184,45,2,2,126,60,0.677419,0.194093,0.789474
uid51,51,52,52,30,0,0,11,41,0.211538,0.054852,0.526316
uid52,52,66,65,34,1,1,38,28,0.575758,0.068565,0.596491
uid53,53,100,100,41,0,0,66,34,0.660000,0.105485,0.719298
uid54,54,126,121,48,5,5,73,53,0.579365,0.127637,0.842105
uid55,55,86,83,37,3,3,67,19,0.779070,0.087553,0.649123
uid56,56,188,184,47,4,4,105,83,0.558511,0.194093,0.824561
uid57,57,88,87,41,1,1,34,54,0.386364,0.091772,0.719298
uid58,58,123,123,44,0,0,90,33,0.731707,0.129747,0.771930
uid59,59,83,83,40,0,0,43,40,0.518072,0.087553,0.701754
uid60,60,154,154,48,0,0,100,54,0.649351,0.162447,0.842105
uid61,61,158,157,45,1,1,58,100,0.367089,0.165612,0.789474
uid62,62,107,104,40,3,3,45,62,0.420561,0.109705,0.701754
uid63,63,167,165,47,2,2,106,61,0.634731,0.174051,0.824561
uid64,64,132,131,43,1,1,32,100,0.242424,0.138186,0.754386
uid65,65,118,118,46,0,0,96,22,0.813559,0.124473,0.807018
uid66,66,160,154,48,6,6,122,38,0.762500,0.162447,0.842105
uid67,67,62,62,36,0,0,32,30,0.516129,0.065401,0.631579
uid68,68,167,163,44,4,4,124,43,0.742515,0.171941,0.771930
uid69,69,40,40,27,0,0,27,13,0.675000,0.042194,0.473684
uid70,70,153,153,47,0,0,115,38,0.751634,0.161392,0.824561
uid71,71,124,122,44,2,2,68,56,0.548387,0.128692,0.771930
uid72,72,129,126,41,3,3,99,30,0.767442,0.132911,0.719298
uid73,73,188,187,48,1,1,98,90,0.521277,0.197257,0.842105
uid74,74,60,60,33,0,0,46,14,0.766667,0.063291,0.578947
uid75,75,98,98,40,0,0,68,30,0.693878,0.103376,0.701754
uid76,76,43,43,28,0,0,21,22,0.488372,0.045359,0.491228
uid77,77,38,38,25,0,0,26,12,0.684211,0.040084,0.438596
uid78,78,183,181,47,2,2,58,125,0.316940,0.190928,0.824561
uid79,79,89,88,39,1,1,60,29,0.674157,0.092827,0.684211
uid80,80,36,36,25,0,0,21,15,0.583333,0.037975,0.438596
uid81,81,78,75,36,3,3,53,25,0.679487,0.079114,0.631579
uid82,82,50,50,33,0,0,43,7,0.860000,0.052743,0.578947
uid83,83,70,70,36,0,0,32,38,0.457143,0.073840,0.631579
uid84,84,181,177,51,4,4,90,91,0.497238,0.186709,0.894737
uid85,85,146,146,45,0,0,85,61,0.582192,0.154008,0.789474
uid86,86,67,66,34,1,1,66,1,0.985075,0.069620,0.596491
uid87,87,17,17,14,0,0,9,8,0.529412,0.017932,0.245614
uid88,88,83,82,34,1,1,60,23,0.722892,0.086498,0.596491
uid89,89,144,144,46,0,0,81,63,0.562500,0.151899,0.807018
uid90,90,82,78,40,4,4,50,32,0.609756,0.082278,0.701754
uid91,91,51,51,32,0,0,24,27,0.470588,0.053797,0.561404
uid92,92,73,72,34,1,1,59,14,0.808219,0.075949,0.596491
uid93,93,54,54,34,0,0,18,36,0.333333,0.056962,0.596491
uid94,94,57,56,28,1,1,51,6,0.894737,0.059072,0.491228
uid95,95,139,138,46,1,1,98,41,0.705036,0.145570,0.807018
uid96,96,169,167,45,2,2,100,69,0.591716,0.176160,0.789474
uid97,97,134,132,44,2,2,78,56,0.582090,0.139241,0.771930
uid98,98,165,161,44,4,4,165,0,1.000000,0.169831,0.771930
uid99,99,65,65,34,0,0,30,35,0.461538,0.068565,0.596491
uid100,100,13,13,9,0,0,3,10,0.230769,0.013713,0.157895
uid101,101,117,117,45,0,0,71,46,0.606838,0.123418,0.789474
uid102,102,73,70,33,3,3,60,13,0.821918,0.073840,0.578947
uid103,103,24,24,17,0,0,7,17,0.291667,0.025316,0.298246
uid104,104,163,159,50,4,4,79,84,0.484663,0.167722,0.877193
uid105,105,116,115,42,1,1,58,58,0.500000,0.121308,0.736842
uid106,106,129,128,43,1,1,103,26,0.798450,0.135021,0.754386
uid107,107,33,33,24,0,0,13,20,0.393939,0.034810,0.421053
uid108,108,38,38,28,0,0,38,0,1.000000,0.040084,0.491228
uid109,109,153,150,42,3,3,69,84,0.450980,0.158228,0.736842
uid110,110,121,120,43,1,1,121,0,1.000000,0.126582,0.754386
uid111,111,126,124,40,2,2,51,75,0.404762,0.130802,0.701754
uid112,112,137,135,43,2,2,46,91,0.335766,0.142405,0.754386
uid113,113,73,73,35,0,0,42,31,0.575342,0.077004,0.614035
uid114,114,28,28,21,0,0,6,22,0.214286,0.029536,0.368421
uid115,115,54,53,27,1,1,15,39,0.277778,0.055907,0.473684
uid116,116,30,27,21,3,3,7,23,0.233333,0.028481,0.368421
uid117,117,121,120,42,1,1,35,86,0.289256,0.126582,0.736842
uid118,118,147,143,45,4,4,110,37,0.748299,0.150844,0.789474
uid119,119,42,42,20,0,0,29,13,0.690476,0.044304,0.350877
uid120,120,73,73,37,0,0,45,28,0.616438,0.077004,0.649123
uid121,121,132,131,44,1,1,101,31,0.765152,0.138186,0.771930
uid122,122,134,134,44,0,0,79,55,0.589552,0.141350,0.771930
uid123,123,179,178,45,1,1,125,54,0.698324,0.187764,0.789474
uid124,124,150,148,43,2,2,67,83,0.446667,0.156118,0.754386
uid125,125,34,34,26,0,0,12,22,0.352941,0.035865,0.456140
uid126,126,159,158,47,1,1,87,72,0.547170,0.166667,0.824561
uid127,127,195,193,44,2,2,146,49,0.748718,0.203586,0.771930
uid128,128,53,53,29,0,0,18,35,0.339623,0.055907,0.508772
uid129,129,79,78,38,1,1,39,40,0.493671,0.082278,0.666667
uid130,130,17,17,13,0,0,14,3,0.823529,0.017932,0.228070
uid131,131,75,73,33,2,2,21,54,0.280000,0.077004,0.578947
uid132,132,86,85,35,1,1,49,37,0.569767,0.089662,0.614035
uid133,133,98,98,39,0,0,33,65,0.336735,0.103376,0.684211
uid134,134,104,103,40,1,1,77,27,0.740385,0.108650,0.701754
uid135,135,93,92,38,1,1,28,65,0.301075,0.097046,0.666667
uid136,136,49,49,27,0,0,27,22,0.551020,0.051688,0.473684
uid137,137,146,140,47,6,6,37,109,0.253425,0.147679,0.824561
uid138,138,51,51,32,0,0,35,16,0.686275,0.053797,0.561404
uid139,139,159,158,47,1,1,132,27,0.830189,0.166667,0.824561
uid140,140,143,142,45,1,1,122,21,0.853147,0.149789,0.789474
uid141,141,118,117,44,1,1,57,61,0.483051,0.123418,0.771930
uid142,142,68,68,33,0,0,54,14,0.794118,0.071730,0.578947
uid143,143,141,139,46,2,2,74,67,0.524823,0.146624,0.807018
uid144,144,147,146,44,1,1,142,5,0.965986,0.154008,0.771930
uid145,145,132,132,42,0,0,58,74,0.439394,0.139241,0.736842
uid146,146,94,93,37,1,1,73,21,0.776596,0.098101,0.649123
uid147,147,179,177,52,2,2,114,65,0.636872,0.186709,0.912281
uid148,148,53,53,27,0,0,28,25,0.528302,0.055907,0.473684
uid149,149,159,158,47,1,1,118,41,0.742138,0.166667,0.824561
uid150,150,184,183,48,1,1,143,41,0.777174,0.193038,0.842105
uid151,151,187,187,48,0,0,82,105,0.438503,0.197257,0.842105
uid152,152,84,83,36,1,1,32,52,0.380952,0.087553,0.631579
uid153,153,154,152,43,2,2,64,90,0.415584,0.160338,0.754386
uid154,154,136,136,44,0,0,60,76,0.441176,0.143460,0.771930
uid155,155,130,129,42,1,1,91,39,0.700000,0.136076,0.736842
uid156,156,60,60,34,0,0,32,28,0.533333,0.063291,0.596491
uid157,157,110,108,41,2,2,58,52,0.527273,0.113924,0.719298
uid158,158,132,132,44,0,0,39,93,0.295455,0.139241,0.771930
uid159,159,132,131,44,1,1,54,78,0.409091,0.138186,0.771930
uid160,160,31,31,21,0,0,7,24,0.225806,0.032700,0.368421
uid161,161,83,83,37,0,0,67,16,0.807229,0.087553,0.649123
uid162,162,144,144,47,0,0,69,75,0.479167,0.151899,0.824561
uid163,163,127,126,44,1,1,102,25,0.803150,0.132911,0.771930
uid164,164,43,40,28,3,3,21,22,0.488372,0.042194,0.491228
uid165,165,181,177,50,4,4,73,108,0.403315,0.186709,0.877193
uid166,166,15,12,11,3,3,10,5,0.666667,0.012658,0.192982
uid167,167,34,31,22,3,3,9,25,0.264706,0.032700,0.385965
uid168,168,70,70,37,0,0,56,14,0.800000,0.073840,0.649123
uid169,169,69,67,32,2,2,36,33,0.521739,0.070675,0.561404
uid170,170,71,68,32,3,3,34,37,0.478873,0.071730,0.561404
uid171,171,104,100,44,4,4,35,69,0.336538,0.105485,0.771930
uid172,172,96,96,43,0,0,14,82,0.145833,0.101266,0.754386
uid173,173,188,188,46,0,0,77,111,0.409574,0.198312,0.807018
uid174,174,61,59,31,2,2,31,30,0.508197,0.062236,0.543860
uid175,175,182,179,47,3,3,110,72,0.604396,0.188819,0.824561
uid176,176,121,120,41,1,1,88,33,0.727273,0.126582,0.719298
uid177,177,126,122,45,4,4,65,61,0.515873,0.128692,0.789474
uid178,178,73,73,37,0,0,53,20,0.726027,0.077004,0.649123
uid179,179,134,132,48,2,2,31,103,0.231343,0.139241,0.842105
uid180,180,163,160,49,3,3,98,65,0.601227,0.168776,0.859649
uid181,181,140,140,46,0,0,36,104,0.257143,0.147679,0.807018
uid182,182,60,60,31,0,0,39,21,0.650000,0.063291,0.543860
uid183,183,81,80,37,1,1,32,49,0.395062,0.084388,0.649123
uid184,184,70,69,35,1,1,36,34,0.514286,0.072785,0.614035
uid185,185,14,12,10,2,2,7,7,0.500000,0.012658,0.175439
uid186,186,116,115,47,1,1,52,64,0.448276,0.121308,0.824561
uid187,187,118,118,42,0,0,97,21,0.822034,0.124473,0.736842
uid188,188,13,13,10,0,0,5,8,0.384615,0.013713,0.175439
uid189,189,132,130,42,2,2,90,42,0.681818,0.137131,0.736842
uid190,190,58,58,33,0,0,46,12,0.793103,0.061181,0.578947
uid191,191,38,38,24,0,0,8,30,0.210526,0.040084,0.421053
uid192,192,193,191,46,2,2,126,67,0.652850,0.201477,0.807018
uid193,193,148,146,45,2,2,54,94,0.364865,0.154008,0.789474
uid194,194,181,179,47,2,2,99,82,0.546961,0.188819,0.824561
uid195,195,193,192,50,1,1,63,130,0.326425,0.202532,0.877193
uid196,196,154,152,42,2,2,115,39,0.746753,0.160338,0.736842
uid197,197,42,41,26,1,1,16,26,0.380952,0.043249,0.456140
uid198,198,142,140,42,2,2,89,53,0.626761,0.147679,0.736842
uid199,199,113,112,44,1,1,61,52,0.539823,0.118143,0.771930
uid200,200,64,64,32,0,0,30,34,0.468750,0.067511,0.561404
uid201,201,54,50,30,4,4,21,33,0.388889,0.052743,0.526316
uid202,202,69,68,33,1,1,37,32,0.536232,0.071730,0.578947
uid203,203,97,93,41,4,4,37,60,0.381443,0.098101,0.719298
uid204,204,94,92,39,2,2,22,72,0.234043,0.097046,0.684211
uid205,205,77,77,33,0,0,58,19,0.753247,0.081224,0.578947
uid206,206,109,108,42,1,1,35,74,0.321101,0.113924,0.736842
uid207,207,70,69,35,1,1,33,37,0.471429,0.072785,0.614035
uid208,208,69,68,34,1,1,57,12,0.826087,0.071730,0.596491
uid209,209,177,176,48,1,1,127,50,0.717514,0.185654,0.842105
uid210,210,120,118,47,2,2,89,31,0.741667,0.124473,0.824561
uid211,211,155,153,48,2,2,75,80,0.483871,0.161392,0.842105
uid212,212,110,109,41,1,1,61,49,0.554545,0.114979,0.719298
uid213,213,74,73,36,1,1,36,38,0.486486,0.077004,0.631579
uid214,214,181,180,47,1,1,81,100,0.447514,0.189873,0.824561
uid215,215,186,184,46,2,2,94,92,0.505376,0.194093,0.807018
uid216,216,121,119,42,2,2,56,65,0.462810,0.125527,0.736842
uid217,217,88,85,36,3,3,19,69,0.215909,0.089662,0.631579
uid218,218,96,96,39,0,0,69,27,0.718750,0.101266,0.684211
uid219,219,148,147,44,1,1,58,90,0.391892,0.155063,0.771930
uid220,220,185,180,46,5,5,78,107,0.421622,0.189873,0.807018
uid221,221,96,96,40,0,0,86,10,0.895833,0.101266,0.701754
uid222,222,24,24,17,0,0,23,1,0.958333,0.025316,0.298246
uid223,223,147,146,41,1,1,103,44,0.700680,0.154008,0.719298
uid224,224,93,93,40,0,0,35,58,0.376344,0.098101,0.701754
uid225,225,61,60,34,1,1,36,25,0.590164,0.063291,0.596491
uid226,226,54,53,31,1,1,40,14,0.740741,0.055907,0.543860
uid227,227,91,90,33,1,1,27,64,0.296703,0.094937,0.578947
uid228,228,131,130,43,1,1,49,82,0.374046,0.137131,0.754386
uid229,229,68,67,32,1,1,32,36,0.470588,0.070675,0.561404
uid230,230,51,50,30,1,1,28,23,0.549020,0.052743,0.526316
uid231,231,125,124,43,1,1,71,54,0.568000,0.130802,0.754386
uid232,232,163,161,47,2,2,83,80,0.509202,0.169831,0.824561
uid233,233,167,165,47,2,2,66,101,0.395210,0.174051,0.824561
uid234,234,189,187,48,2,2,104,85,0.550265,0.197257,0.842105
uid235,235,69,68,34,1,1,45,24,0.652174,0.071730,0.596491
uid236,236,102,102,39,0,0,67,35,0.656863,0.107595,0.684211
uid237,237,137,136,41,1,1,98,39,0.715328,0.143460,0.719298
uid238,238,61,60,34,1,1,47,14,0.770492,0.063291,0.596491
uid239,239,72,72,39,0,0,45,27,0.625000,0.075949,0.684211
uid240,240,122,121,44,1,1,41,81,0.336066,0.127637,0.771930
uid241,241,77,73,36,4,4,28,49,0.363636,0.077004,0.631579
uid242,242,156,154,43,2,2,57,99,0.365385,0.162447,0.754386
uid243,243,125,124,44,1,1,59,66,0.472000,0.130802,0.771930
uid244,244,98,98,45,0,0,37,61,0.377551,0.103376,0.789474
uid245,245,58,58,33,0,0,38,20,0.655172,0.061181,0.578947
uid246,246,125,121,43,4,4,106,19,0.848000,0.127637,0.754386
uid247,247,146,139,47,7,7,86,60,0.589041,0.146624,0.824561
uid248,248,174,173,45,1,1,75,99,0.431034,0.182489,0.789474
uid249,249,166,162,51,4,4,53,113,0.319277,0.170886,0.894737
uid250,250,65,63,37,2,2,27,38,0.415385,0.066456,0.649123
uid251,251,51,51,28,0,0,29,22,0.568627,0.053797,0.491228
uid252,252,93,93,41,0,0,73,20,0.784946,0.098101,0.719298
uid253,253,142,141,39,1,1,60,82,0.422535,0.148734,0.684211
uid254,254,46,46,32,0,0,34,12,0.739130,0.048523,0.561404
uid255,255,64,63,35,1,1,29,35,0.453125,0.066456,0.614035
uid256,256,175,172,47,3,3,105,70,0.600000,0.181435,0.824561
uid257,257,166,164,44,2,2,42,124,0.253012,0.172996,0.771930
uid258,258,185,184,46,1,1,99,86,0.535135,0.194093,0.807018
uid259,259,133,130,42,3,3,55,78,0.413534,0.137131,0.736842
uid260,260,73,73,38,0,0,48,25,0.657534,0.077004,0.666667
uid261,261,19,19,15,0,0,14,5,0.736842,0.020042,0.263158
uid262,262,54,54,31,0,0,27,27,0.500000,0.056962,0.543860
uid263,263,27,26,19,1,1,8,19,0.296296,0.027426,0.333333
uid264,264,69,69,36,0,0,22,47,0.318841,0.072785,0.631579
uid265,265,36,34,23,2,2,20,16,0.555556,0.035865,0.403509
uid266,266,72,72,33,0,0,48,24,0.666667,0.075949,0.578947
uid267,267,153,152,48,1,1,105,48,0.686275,0.160338,0.842105
uid268,268,167,166,45,1,1,87,80,0.520958,0.175105,0.789474
uid269,269,103,103,43,0,0,24,79,0.233010,0.108650,0.754386
uid270,270,46,43,34,3,3,21,25,0.456522,0.045359,0.596491
uid271,271,56,56,31,0,0,32,24,0.571429,0.059072,0.543860
uid272,272,123,122,40,1,1,76,47,0.617886,0.128692,0.701754
uid273,273,162,161,47,1,1,61,101,0.376543,0.169831,0.824561
uid274,274,85,84,39,1,1,28,57,0.329412,0.088608,0.684211
uid275,275,122,121,43,1,1,60,62,0.491803,0.127637,0.754386
uid276,276,83,82,36,1,1,38,45,0.457831,0.086498,0.631579
uid277,277,64,63,33,1,1,45,19,0.703125,0.066456,0.578947
uid278,278,60,59,31,1,1,32,28,0.533333,0.062236,0.543860
uid279,279,29,29,19,0,0,17,12,0.586207,0.030591,0.333333
uid280,280,181,179,46,2,2,30,151,0.165746,0.188819,0.807018
uid281,281,181,179,45,2,2,92,89,0.508287,0.188819,0.789474
uid282,282,19,17,15,2,2,3,16,0.157895,0.017932,0.263158
uid283,283,72,71,34,1,1,17,55,0.236111,0.074895,0.596491
uid284,284,170,168,50,2,2,100,70,0.588235,0.177215,0.877193
uid285,285,119,119,43,0,0,44,75,0.369748,0.125527,0.754386
uid286,286,85,85,36,0,0,70,15,0.823529,0.089662,0.631579
uid287,287,78,75,36,3,3,25,53,0.320513,0.079114,0.631579
uid288,288,25,25,19,0,0,15,10,0.600000,0.026371,0.333333
uid289,289,107,105,39,2,2,25,82,0.233645,0.110759,0.684211
uid290,290,61,59,31,2,2,35,26,0.573770,0.062236,0.543860
uid291,291,79,76,32,3,3,59,20,0.746835,0.080169,0.561404
uid292,292,58,58,33,0,0,42,16,0.724138,0.061181,0.578947
uid293,293,65,65,32,0,0,40,25,0.615385,0.068565,0.561404
uid294,294,129,129,45,0,0,79,50,0.612403,0.136076,0.789474
uid295,295,111,111,41,0,0,32,79,0.288288,0.117089,0.719298
uid296,296,141,135,50,6,6,67,74,0.475177,0.142405,0.877193
uid297,297,159,158,47,1,1,118,41,0.742138,0.166667,0.824561
uid298,298,99,99,42,0,0,48,51,0.484848,0.104430,0.736842
uid299,299,175,174,50,1,1,129,46,0.737143,0.183544,0.877193
uid300,300,132,130,42,2,2,49,83,0.371212,0.137131,0.736842
uid301,301,50,50,32,0,0,22,28,0.440000,0.052743,0.561404
uid302,302,53,53,30,0,0,28,25,0.528302,0.055907,0.526316
uid303,303,16,15,12,1,1,7,9,0.437500,0.015823,0.210526
uid304,304,103,102,40,1,1,21,82,0.203883,0.107595,0.701754
uid305,305,147,146,45,1,1,49,98,0.333333,0.154008,0.789474
uid306,306,113,112,38,1,1,57,56,0.504425,0.118143,0.666667
uid307,307,180,178,46,2,2,45,135,0.250000,0.187764,0.807018
uid308,308,171,170,47,1,1,171,0,1.000000,0.179325,0.824561
uid309,309,48,48,25,0,0,19,29,0.395833,0.050633,0.438596
uid310,310,164,164,48,0,0,52,112,0.317073,0.172996,0.842105
uid311,311,85,85,41,0,0,41,44,0.482353,0.089662,0.719298
uid312,312,152,145,52,7,7,81,71,0.532895,0.152954,0.912281
uid313,313,98,98,43,0,0,42,56,0.428571,0.103376,0.754386
uid314,314,26,26,20,0,0,14,12,0.538462,0.027426,0.350877
uid315,315,27,27,22,0,0,21,6,0.777778,0.028481,0.385965
uid316,316,147,146,46,1,1,78,69,0.530612,0.154008,0.807018
uid317,317,73,73,37,0,0,31,42,0.424658,0.077004,0.649123
uid318,318,135,135,43,0,0,126,9,0.933333,0.142405,0.754386
uid319,319,64,64,29,0,0,30,34,0.468750,0.067511,0.508772
uid320,320,163,159,46,4,4,106,57,0.650307,0.167722,0.807018
uid321,321,162,162,48,0,0,78,84,0.481481,0.170886,0.842105
uid322,322,173,169,45,4,4,51,122,0.294798,0.178270,0.789474
uid323,323,183,179,49,4,4,104,79,0.568306,0.188819,0.859649
uid324,324,12,12,11,0,0,6,6,0.500000,0.012658,0.192982
uid325,325,80,79,37,1,1,39,41,0.487500,0.083333,0.649123
uid326,326,178,176,45,2,2,148,30,0.831461,0.185654,0.789474
uid327,327,54,53,29,1,1,46,8,0.851852,0.055907,0.508772
uid328,328,166,164,47,2,2,93,73,0.560241,0.172996,0.824561
uid329,329,163,161,46,2,2,102,61,0.625767,0.169831,0.807018
uid330,330,69,69,36,0,0,18,51,0.260870,0.072785,0.631579
uid331,331,177,175,48,2,2,42,135,0.237288,0.184599,0.842105
uid332,332,79,78,36,1,1,39,40,0.493671,0.082278,0.631579
uid333,333,20,20,15,0,0,3,17,0.150000,0.021097,0.263158
uid334,334,58,58,33,0,0,45,13,0.775862,0.061181,0.578947
uid335,335,161,156,49,5,5,82,79,0.509317,0.164557,0.859649
uid336,336,137,135,45,2,2,40,97,0.291971,0.142405,0.789474
uid337,337,176,174,45,2,2,44,132,0.250000,0.183544,0.789474
uid338,338,198,198,49,0,0,97,101,0.489899,0.208861,0.859649
uid339,339,56,56,33,0,0,44,12,0.785714,0.059072,0.578947
uid340,340,14,14,13,0,0,2,12,0.142857,0.014768,0.228070
uid341,341,36,35,23,1,1,11,25,0.305556,0.036920,0.403509
uid342,342,68,67,34,1,1,68,0,1.000000,0.070675,0.596491
uid343,343,58,58,33,0,0,51,7,0.879310,0.061181,0.578947
uid344,344,58,58,35,0,0,52,6,0.896552,0.061181,0.614035
uid345,345,198,195,49,3,3,96,102,0.484848,0.205696,0.859649
uid346,346,145,142,41,3,3,96,49,0.662069,0.149789,0.719298
uid347,347,143,142,46,1,1,44,99,0.307692,0.149789,0.807018
uid348,348,39,38,25,1,1,11,28,0.282051,0.040084,0.438596
uid349,349,183,179,49,4,4,118,65,0.644809,0.188819,0.859649
uid350,350,69,68,34,1,1,63,6,0.913043,0.071730,0.596491
uid351,351,178,178,50,0,0,94,84,0.528090,0.187764,0.877193
uid352,352,161,160,46,1,1,78,83,0.484472,0.168776,0.807018
uid353,353,137,135,44,2,2,120,17,0.875912,0.142405,0.771930
uid354,354,179,178,48,1,1,40,139,0.223464,0.187764,0.842105
uid355,355,116,115,40,1,1,32,84,0.275862,0.121308,0.701754
uid356,356,67,67,37,0,0,57,10,0.850746,0.070675,0.649123
uid357,357,152,150,43,2,2,125,27,0.822368,0.158228,0.754386
uid358,358,168,164,49,4,4,111,57,0.660714,0.172996,0.859649
uid359,359,129,128,44,1,1,65,64,0.503876,0.135021,0.771930
uid360,360,170,170,47,0,0,57,113,0.335294,0.179325,0.824561
uid361,361,46,45,25,1,1,43,3,0.934783,0.047468,0.438596
uid362,362,161,156,46,5,5,124,37,0.770186,0.164557,0.807018
uid363,363,114,113,43,1,1,36,78,0.315789,0.119198,0.754386
uid364,364,184,178,49,6,6,94,90,0.510870,0.187764,0.859649
uid365,365,109,108,41,1,1,36,73,0.330275,0.113924,0.719298
uid366,366,158,156,44,2,2,85,73,0.537975,0.164557,0.771930
uid367,367,55,55,30,0,0,47,8,0.854545,0.058017,0.526316
uid368,368,32,29,23,3,3,26,6,0.812500,0.030591,0.403509
uid369,369,138,138,47,0,0,56,82,0.405797,0.145570,0.824561
uid370,370,99,96,43,3,3,54,45,0.545455,0.101266,0.754386
uid371,371,65,64,33,1,1,30,35,0.461538,0.067511,0.578947
uid372,372,192,190,48,2,2,65,127,0.338542,0.200422,0.842105
uid373,373,184,181,45,3,3,70,114,0.380435,0.190928,0.789474
uid374,374,18,18,14,0,0,6,12,0.333333,0.018987,0.245614
uid375,375,67,67,36,0,0,42,25,0.626866,0.070675,0.631579
uid376,376,194,192,47,2,2,56,138,0.288660,0.202532,0.824561
uid377,377,79,78,39,1,1,27,52,0.341772,0.082278,0.684211
uid378,378,163,161,47,2,2,54,109,0.331288,0.169831,0.824561
uid379,379,115,113,39,2,2,32,83,0.278261,0.119198,0.684211
uid380,380,104,104,43,0,0,66,38,0.634615,0.109705,0.754386
uid381,381,119,118,41,1,1,80,39,0.672269,0.124473,0.719298
uid382,382,132,131,45,1,1,55,77,0.416667,0.138186,0.789474
uid383,383,96,96,40,0,0,96,0,1.000000,0.101266,0.701754
uid384,384,63,63,36,0,0,48,15,0.761905,0.066456,0.631579
uid385,385,150,149,46,1,1,55,95,0.366667,0.157173,0.807018
uid386,386,178,177,47,1,1,144,34,0.808989,0.186709,0.824561
uid387,387,30,30,19,0,0,9,21,0.300000,0.031646,0.333333
uid388,388,97,95,41,2,2,51,46,0.525773,0.100211,0.719298
uid389,389,78,77,35,1,1,38,40,0.487179,0.081224,0.614035
uid390,390,44,43,23,1,1,9,35,0.204545,0.045359,0.403509
uid391,391,86,86,37,0,0,36,50,0.418605,0.090717,0.649123
uid392,392,146,145,46,1,1,114,32,0.780822,0.152954,0.807018
uid393,393,50,47,25,3,3,11,39,0.220000,0.049578,0.438596
uid394,394,89,87,36,2,2,24,65,0.269663,0.091772,0.631579
uid395,395,64,63,32,1,1,15,49,0.234375,0.066456,0.561404
uid396,396,117,113,44,4,4,28,89,0.239316,0.119198,0.771930
uid397,397,74,74,36,0,0,24,50,0.324324,0.078059,0.631579
uid398,398,153,152,45,1,1,109,44,0.712418,0.160338,0.789474
uid399,399,98,98,43,0,0,55,43,0.561224,0.103376,0.754386
uid400,400,143,142,45,1,1,37,106,0.258741,0.149789,0.789474
uid401,401,159,156,44,3,3,97,62,0.610063,0.164557,0.771930
uid402,402,54,53,28,1,1,31,23,0.574074,0.055907,0.491228
uid403,403,193,191,49,2,2,70,123,0.362694,0.201477,0.859649
uid404,404,64,64,33,0,0,51,13,0.796875,0.067511,0.578947
uid405,405,161,160,42,1,1,72,89,0.447205,0.168776,0.736842
uid406,406,83,80,35,3,3,48,35,0.578313,0.084388,0.614035
uid407,407,13,12,11,1,1,8,5,0.615385,0.012658,0.192982
uid408,408,133,131,42,2,2,47,86,0.353383,0.138186,0.736842
uid409,409,133,132,43,1,1,60,73,0.451128,0.139241,0.754386
uid410,410,182,181,46,1,1,47,135,0.258242,0.190928,0.807018
uid411,411,191,191,50,0,0,140,51,0.732984,0.201477,0.877193
uid412,412,58,56,29,2,2,17,41,0.293103,0.059072,0.508772
uid413,413,195,190,49,5,5,52,143,0.266667,0.200422,0.859649
uid414,414,132,131,43,1,1,29,103,0.219697,0.138186,0.754386
uid415,415,109,108,41,1,1,82,27,0.752294,0.113924,0.719298
uid416,416,80,79,38,1,1,53,27,0.662500,0.083333,0.666667
uid417,417,111,109,44,2,2,53,58,0.477477,0.114979,0.771930
uid418,418,152,148,50,4,4,73,79,0.480263,0.156118,0.877193
uid419,419,180,179,47,1,1,51,129,0.283333,0.188819,0.824561
uid420,420,106,104,46,2,2,67,39,0.632075,0.109705,0.807018
uid421,421,17,17,13,0,0,4,13,0.235294,0.017932,0.228070
uid422,422,120,119,44,1,1,75,45,0.625000,0.125527,0.771930
uid423,423,39,39,25,0,0,33,6,0.846154,0.041139,0.438596
uid424,424,105,101,42,4,4,43,62,0.409524,0.106540,0.736842
uid425,425,86,85,34,1,1,35,51,0.406977,0.089662,0.596491
uid426,426,71,67,37,4,4,50,21,0.704225,0.070675,0.649123
uid427,427,133,131,40,2,2,73,60,0.548872,0.138186,0.701754
uid428,428,58,58,33,0,0,33,25,0.568966,0.061181,0.578947
uid429,429,101,100,39,1,1,70,31,0.693069,0.105485,0.684211
uid430,430,90,89,41,1,1,54,36,0.600000,0.093882,0.719298
uid431,431,64,64,32,0,0,21,43,0.328125,0.067511,0.561404
uid432,432,159,158,46,1,1,45,114,0.283019,0.166667,0.807018
uid433,433,149,148,45,1,1,61,88,0.409396,0.156118,0.789474
uid434,434,66,66,34,0,0,13,53,0.196970,0.069620,0.596491
uid435,435,137,137,44,0,0,67,70,0.489051,0.144515,0.771930
uid436,436,166,164,47,2,2,84,82,0.506024,0.172996,0.824561
uid437,437,83,82,37,1,1,38,45,0.457831,0.086498,0.649123
uid438,438,61,60,32,1,1,46,15,0.754098,0.063291,0.561404
uid439,439,69,68,34,1,1,28,41,0.405797,0.071730,0.596491
uid440,440,107,107,44,0,0,56,51,0.523364,0.112869,0.771930
uid441,441,191,190,48,1,1,62,129,0.324607,0.200422,0.842105
uid442,442,30,27,21,3,3,9,21,0.300000,0.028481,0.368421
uid443,443,15,14,11,1,1,7,8,0.466667,0.014768,0.192982
uid444,444,63,63,34,0,0,56,7,0.888889,0.066456,0.596491
uid445,445,62,62,31,0,0,49,13,0.790323,0.065401,0.543860
uid446,446,112,109,45,3,3,23,89,0.205357,0.114979,0.789474
uid447,447,54,54,32,0,0,41,13,0.759259,0.056962,0.561404
uid448,448,109,108,45,1,1,41,68,0.376147,0.113924,0.789474
uid449,449,13,12,12,1,1,2,11,0.153846,0.012658,0.210526
uid450,450,90,88,36,2,2,26,64,0.288889,0.092827,0.631579
uid451,451,28,28,22,0,0,12,16,0.428571,0.029536,0.385965
uid452,452,128,127,44,1,1,71,57,0.554688,0.133966,0.771930
uid453,453,63,62,31,1,1,6,57,0.095238,0.065401,0.543860
uid454,454,155,154,47,1,1,68,87,0.438710,0.162447,0.824561
uid455,455,106,105,39,1,1,76,30,0.716981,0.110759,0.684211
uid456,456,93,92,39,1,1,80,13,0.860215,0.097046,0.684211
uid457,457,128,127,44,1,1,59,69,0.460938,0.133966,0.771930
uid458,458,152,150,46,2,2,41,111,0.269737,0.158228,0.807018
uid459,459,91,89,39,2,2,88,3,0.967033,0.093882,0.684211
uid460,460,159,158,47,1,1,140,19,0.880503,0.166667,0.824561
uid461,461,58,55,32,3,3,27,31,0.465517,0.058017,0.561404
uid462,462,137,135,45,2,2,25,112,0.182482,0.142405,0.789474
uid463,463,173,172,45,1,1,95,78,0.549133,0.181435,0.789474
uid464,464,195,191,45,4,4,50,145,0.256410,0.201477,0.789474
uid465,465,10,10,8,0,0,7,3,0.700000,0.010549,0.140351
uid466,466,142,139,46,3,3,106,36,0.746479,0.146624,0.807018
uid467,467,89,87,41,2,2,71,18,0.797753,0.091772,0.719298
uid468,468,40,37,27,3,3,22,18,0.550000,0.039030,0.473684
uid469,469,157,157,46,0,0,134,23,0.853503,0.165612,0.807018
uid470,470,193,193,49,0,0,148,45,0.766839,0.203586,0.859649
uid471,471,184,182,46,2,2,91,93,0.494565,0.191983,0.807018
uid472,472,115,113,42,2,2,61,54,0.530435,0.119198,0.736842
uid473,473,107,107,44,0,0,73,34,0.682243,0.112869,0.771930
uid474,474,53,52,31,1,1,20,33,0.377358,0.054852,0.543860
uid475,475,101,101,39,0,0,69,32,0.683168,0.106540,0.684211
uid476,476,140,139,41,1,1,34,106,0.242857,0.146624,0.719298
uid477,477,98,97,41,1,1,58,40,0.591837,0.102321,0.719298
uid478,478,152,151,45,1,1,109,43,0.717105,0.159283,0.789474
uid479,479,46,46,31,0,0,33,13,0.717391,0.048523,0.543860
uid480,480,107,106,39,1,1,45,62,0.420561,0.111814,0.684211
uid481,481,124,122,40,2,2,117,7,0.943548,0.128692,0.701754
uid482,482,147,146,46,1,1,47,100,0.319728,0.154008,0.807018
uid483,483,65,64,33,1,1,28,37,0.430769,0.067511,0.578947
uid484,484,78,78,39,0,0,59,19,0.756410,0.082278,0.684211
uid485,485,79,75,35,4,4,27,52,0.341772,0.079114,0.614035
uid486,486,165,165,47,0,0,117,48,0.709091,0.174051,0.824561
uid487,487,185,182,45,3,3,91,94,0.491892,0.191983,0.789474
uid488,488,169,163,50,6,6,83,86,0.491124,0.171941,0.877193
uid489,489,66,64,33,2,2,36,30,0.545455,0.067511,0.578947
uid490,490,109,105,42,4,4,44,65,0.403670,0.110759,0.736842
uid491,491,30,30,20,0,0,22,8,0.733333,0.031646,0.350877
uid492,492,185,184,48,1,1,73,112,0.394595,0.194093,0.842105
uid493,493,166,162,45,4,4,58,108,0.349398,0.170886,0.789474
uid494,494,130,129,44,1,1,74,56,0.569231,0.136076,0.771930
uid495,495,173,172,47,1,1,109,64,0.630058,0.181435,0.824561
uid496,496,115,114,42,1,1,31,84,0.269565,0.120253,0.736842
uid497,497,150,149,46,1,1,53,97,0.353333,0.157173,0.807018
uid498,498,195,194,50,1,1,142,53,0.728205,0.204641,0.877193
uid499,499,107,107,44,0,0,73,34,0.682243,0.112869,0.771930
uid500,500,19,18,17,1,1,11,8,0.578947,0.018987,0.298246
uid501,501,12,12,11,0,0,3,9,0.250000,0.012658,0.192982
uid502,502,79,78,38,1,1,35,44,0.443038,0.082278,0.666667
uid503,503,143,142,45,1,1,93,50,0.650350,0.149789,0.789474
uid504,504,73,73,36,0,0,34,39,0.465753,0.077004,0.631579
uid505,505,58,57,28,1,1,45,13,0.775862,0.060127,0.491228
uid506,506,76,75,40,1,1,46,30,0.605263,0.079114,0.701754
uid507,507,65,65,34,0,0,37,28,0.569231,0.068565,0.596491
uid508,508,101,97,37,4,4,66,35,0.653465,0.102321,0.649123
uid509,509,110,109,45,1,1,57,53,0.518182,0.114979,0.789474
uid510,510,79,75,36,4,4,50,29,0.632911,0.079114,0.631579
uid511,511,131,131,45,0,0,63,68,0.480916,0.138186,0.789474
uid512,512,184,181,46,3,3,94,90,0.510870,0.190928,0.807018
uid513,513,181,179,46,2,2,54,127,0.298343,0.188819,0.807018
uid514,514,169,166,47,3,3,70,99,0.414201,0.175105,0.824561
uid515,515,126,124,42,2,2,51,75,0.404762,0.130802,0.736842
uid516,516,118,118,43,0,0,39,79,0.330508,0.124473,0.754386
uid517,517,125,124,43,1,1,46,79,0.368000,0.130802,0.754386
uid518,518,152,149,45,3,3,63,89,0.414474,0.157173,0.789474
uid519,519,107,107,44,0,0,54,53,0.504673,0.112869,0.771930
uid520,520,127,126,41,1,1,84,43,0.661417,0.132911,0.719298
uid521,521,163,162,47,1,1,135,28,0.828221,0.170886,0.824561
uid522,522,62,61,34,1,1,43,19,0.693548,0.064346,0.596491
uid523,523,103,101,41,2,2,78,25,0.757282,0.106540,0.719298
uid524,524,193,191,49,2,2,136,57,0.704663,0.201477,0.859649
uid525,525,95,95,43,0,0,31,64,0.326316,0.100211,0.754386
uid526,526,68,68,31,0,0,17,51,0.250000,0.071730,0.543860
uid527,527,94,91,39,3,3,74,20,0.787234,0.095992,0.684211
uid528,528,191,189,46,2,2,80,111,0.418848,0.199367,0.807018
uid529,529,159,158,47,1,1,103,56,0.647799,0.166667,0.824561
uid530,530,33,33,25,0,0,17,16,0.515152,0.034810,0.438596
uid531,531,71,71,38,0,0,34,37,0.478873,0.074895,0.666667
uid532,532,83,81,36,2,2,29,54,0.349398,0.085443,0.631579
uid533,533,98,98,40,0,0,34,64,0.346939,0.103376,0.701754
uid534,534,194,189,46,5,5,53,141,0.273196,0.199367,0.807018
uid535,535,148,147,47,1,1,90,58,0.608108,0.155063,0.824561
uid536,536,115,115,44,0,0,92,23,0.800000,0.121308,0.771930
uid537,537,117,116,39,1,1,58,59,0.495726,0.122363,0.684211
uid538,538,72,71,34,1,1,23,49,0.319444,0.074895,0.596491
uid539,539,62,60,30,2,2,51,11,0.822581,0.063291,0.526316
uid540,540,60,59,32,1,1,33,27,0.550000,0.062236,0.561404
uid541,541,161,158,46,3,3,65,96,0.403727,0.166667,0.807018
uid542,542,68,66,36,2,2,43,25,0.632353,0.069620,0.631579
uid543,543,107,107,41,0,0,107,0,1.000000,0.112869,0.719298
uid544,544,32,32,19,0,0,12,20,0.375000,0.033755,0.333333
uid545,545,121,120,41,1,1,101,20,0.834711,0.126582,0.719298
uid546,546,63,63,37,0,0,36,27,0.571429,0.066456,0.649123
uid547,547,136,135,45,1,1,48,88,0.352941,0.142405,0.789474
uid548,548,86,85,34,1,1,42,44,0.488372,0.089662,0.596491
uid549,549,57,57,34,0,0,14,43,0.245614,0.060127,0.596491
uid550,550,84,83,36,1,1,45,39,0.535714,0.087553,0.631579
uid551,551,107,107,44,0,0,91,16,0.850467,0.112869,0.771930
uid552,552,164,161,43,3,3,79,85,0.481707,0.169831,0.754386
uid553,553,129,128,43,1,1,72,57,0.558140,0.135021,0.754386
uid554,554,14,12,11,2,2,5,9,0.357143,0.012658,0.192982
uid555,555,63,62,34,1,1,22,41,0.349206,0.065401,0.596491
uid556,556,21,21,18,0,0,10,11,0.476190,0.022152,0.315789
uid557,557,134,132,44,2,2,53,81,0.395522,0.139241,0.771930
uid558,558,159,158,47,1,1,114,45,0.716981,0.166667,0.824561
uid559,559,151,148,44,3,3,83,68,0.549669,0.156118,0.771930
uid560,560,119,118,42,1,1,53,66,0.445378,0.124473,0.736842
uid561,561,58,57,28,1,1,18,40,0.310345,0.060127,0.491228
uid562,562,53,52,30,1,1,26,27,0.490566,0.054852,0.526316
uid563,563,194,193,49,1,1,51,143,0.262887,0.203586,0.859649
uid564,564,47,47,33,0,0,15,32,0.319149,0.049578,0.578947
uid565,565,60,60,31,0,0,28,32,0.466667,0.063291,0.543860
uid566,566,104,103,42,1,1,29,75,0.278846,0.108650,0.736842
uid567,567,94,92,36,2,2,21,73,0.223404,0.097046,0.631579
uid568,568,132,132,46,0,0,77,55,0.583333,0.139241,0.807018
uid569,569,162,161,45,1,1,162,0,1.000000,0.169831,0.789474
uid570,570,152,151,45,1,1,57,95,0.375000,0.159283,0.789474
uid571,571,66,65,34,1,1,44,22,0.666667,0.068565,0.596491
uid572,572,72,71,34,1,1,20,52,0.277778,0.074895,0.596491
uid573,573,107,107,45,0,0,50,57,0.467290,0.112869,0.789474
uid574,574,117,114,38,3,3,54,63,0.461538,0.120253,0.666667
uid575,575,123,121,44,2,2,85,38,0.691057,0.127637,0.771930
uid576,576,135,134,42,1,1,72,63,0.533333,0.141350,0.736842
uid577,577,107,101,45,6,6,33,74,0.308411,0.106540,0.789474
uid578,578,147,146,47,1,1,122,25,0.829932,0.154008,0.824561
uid579,579,178,174,49,4,4,56,122,0.314607,0.183544,0.859649
uid580,580,70,69,37,1,1,30,40,0.428571,0.072785,0.649123
uid581,581,51,50,28,1,1,44,7,0.862745,0.052743,0.491228
uid582,582,114,112,41,2,2,67,47,0.587719,0.118143,0.719298
uid583,583,70,68,31,2,2,29,41,0.414286,0.071730,0.543860
uid584,584,108,107,40,1,1,37,71,0.342593,0.112869,0.701754
uid585,585,118,117,40,1,1,82,36,0.694915,0.123418,0.701754
uid586,586,109,108,41,1,1,80,29,0.733945,0.113924,0.719298
uid587,587,165,162,48,3,3,32,133,0.193939,0.170886,0.842105
uid588,588,148,143,48,5,5,60,88,0.405405,0.150844,0.842105
uid589,589,71,71,36,0,0,33,38,0.464789,0.074895,0.631579
uid590,590,177,176,48,1,1,102,75,0.576271,0.185654,0.842105
uid591,591,36,35,24,1,1,21,15,0.583333,0.036920,0.421053
uid592,592,52,51,26,1,1,20,32,0.384615,0.053797,0.456140
uid593,593,53,53,30,0,0,23,30,0.433962,0.055907,0.526316
uid594,594,110,109,45,1,1,71,39,0.645455,0.114979,0.789474
uid595,595,51,48,30,3,3,15,36,0.294118,0.050633,0.526316
uid596,596,144,143,47,1,1,122,22,0.847222,0.150844,0.824561
uid597,597,61,59,31,2,2,52,9,0.852459,0.062236,0.543860
uid598,598,102,102,45,0,0,68,34,0.666667,0.107595,0.789474
uid599,599,117,116,42,1,1,58,59,0.495726,0.122363,0.736842
uid600,600,21,21,16,0,0,8,13,0.380952,0.022152,0.280702
uid601,601,108,106,42,2,2,61,47,0.564815,0.111814,0.736842
uid602,602,198,193,49,5,5,100,98,0.505051,0.203586,0.859649
uid603,603,159,158,47,1,1,101,58,0.635220,0.166667,0.824561
uid604,604,138,136,45,2,2,103,35,0.746377,0.143460,0.789474
uid605,605,172,168,43,4,4,110,62,0.639535,0.177215,0.754386
uid606,606,103,103,38,0,0,58,45,0.563107,0.108650,0.666667
uid607,607,66,65,34,1,1,31,35,0.469697,0.068565,0.596491
uid608,608,116,114,42,2,2,75,41,0.646552,0.120253,0.736842
uid609,609,100,99,38,1,1,73,27,0.730000,0.104430,0.666667
uid610,610,53,52,30,1,1,13,40,0.245283,0.054852,0.526316
uid611,611,107,102,45,5,5,71,36,0.663551,0.107595,0.789474
uid612,612,72,71,35,1,1,34,38,0.472222,0.074895,0.614035
uid613,613,105,103,39,2,2,36,69,0.342857,0.108650,0.684211
uid614,614,75,75,35,0,0,44,31,0.586667,0.079114,0.614035
uid615,615,145,144,43,1,1,125,20,0.862069,0.151899,0.754386
uid616,616,67,66,37,1,1,32,35,0.477612,0.069620,0.649123
uid617,617,188,187,45,1,1,75,113,0.398936,0.197257,0.789474
uid618,618,187,186,48,1,1,121,66,0.647059,0.196203,0.842105
uid619,619,79,78,36,1,1,33,46,0.417722,0.082278,0.631579
uid620,620,153,152,46,1,1,140,13,0.915033,0.160338,0.807018
uid621,621,67,62,34,5,5,37,30,0.552239,0.065401,0.596491
uid622,622,177,173,49,4,4,64,113,0.361582,0.182489,0.859649
uid623,623,79,78,35,1,1,61,18,0.772152,0.082278,0.614035
uid624,624,36,36,25,0,0,24,12,0.666667,0.037975,0.438596
uid625,625,116,115,40,1,1,87,29,0.750000,0.121308,0.701754
uid626,626,179,177,46,2,2,145,34,0.810056,0.186709,0.807018
uid627,627,57,57,34,0,0,34,23,0.596491,0.060127,0.596491
uid628,628,192,191,49,1,1,124,68,0.645833,0.201477,0.859649
uid629,629,101,99,38,2,2,51,50,0.504950,0.104430,0.666667
uid630,630,106,105,40,1,1,69,37,0.650943,0.110759,0.701754
uid631,631,69,68,34,1,1,64,5,0.927536,0.071730,0.596491
uid632,632,62,62,31,0,0,50,12,0.806452,0.065401,0.543860
uid633,633,102,102,42,0,0,37,65,0.362745,0.107595,0.736842
uid634,634,64,63,31,1,1,35,29,0.546875,0.066456,0.543860
uid635,635,100,97,42,3,3,37,63,0.370000,0.102321,0.736842
uid636,636,20,19,14,1,1,7,13,0.350000,0.020042,0.245614
uid637,637,114,112,43,2,2,76,38,0.666667,0.118143,0.754386
uid638,638,187,185,46,2,2,87,100,0.465241,0.195148,0.807018
uid639,639,72,72,33,0,0,22,50,0.305556,0.075949,0.578947
uid640,640,119,118,40,1,1,55,64,0.462185,0.124473,0.701754
uid641,641,91,89,35,2,2,46,45,0.505495,0.093882,0.614035
uid642,642,87,86,37,1,1,50,37,0.574713,0.090717,0.649123
uid643,643,126,126,44,0,0,36,90,0.285714,0.132911,0.771930
uid644,644,183,181,50,2,2,134,49,0.732240,0.190928,0.877193
uid645,645,90,89,42,1,1,46,44,0.511111,0.093882,0.736842
uid646,646,57,57,30,0,0,15,42,0.263158,0.060127,0.526316
uid647,647,143,142,46,1,1,88,55,0.615385,0.149789,0.807018
uid648,648,66,66,34,0,0,46,20,0.696970,0.069620,0.596491
uid649,649,127,124,45,3,3,28,99,0.220472,0.130802,0.789474
uid650,650,169,169,48,0,0,78,91,0.461538,0.178270,0.842105
uid651,651,161,160,51,1,1,90,71,0.559006,0.168776,0.894737
uid652,652,58,58,33,0,0,36,22,0.620690,0.061181,0.578947
uid653,653,69,68,34,1,1,51,18,0.739130,0.071730,0.596491
uid654,654,53,53,33,0,0,12,41,0.226415,0.055907,0.578947
uid655,655,58,56,32,2,2,38,20,0.655172,0.059072,0.561404
uid656,656,101,100,39,1,1,54,47,0.534653,0.105485,0.684211
uid657,657,121,121,43,0,0,97,24,0.801653,0.127637,0.754386
uid658,658,171,166,49,5,5,72,99,0.421053,0.175105,0.859649
uid659,659,73,73,37,0,0,41,32,0.561644,0.077004,0.649123
uid660,660,69,68,34,1,1,60,9,0.869565,0.071730,0.596491
uid661,661,189,188,47,1,1,107,82,0.566138,0.198312,0.824561
uid662,662,174,173,48,1,1,83,91,0.477011,0.182489,0.842105
uid663,663,67,66,35,1,1,38,29,0.567164,0.069620,0.614035
uid664,664,152,151,45,1,1,56,96,0.368421,0.159283,0.789474
uid665,665,166,164,47,2,2,91,75,0.548193,0.172996,0.824561
uid666,666,108,108,44,0,0,64,44,0.592593,0.113924,0.771930
uid667,667,176,172,48,4,4,63,113,0.357955,0.181435,0.842105
uid668,668,177,176,47,1,1,59,118,0.333333,0.185654,0.824561
uid669,669,186,181,51,5,5,48,138,0.258065,0.190928,0.894737
uid670,670,49,48,30,1,1,15,34,0.306122,0.050633,0.526316
uid671,671,47,47,28,0,0,24,23,0.510638,0.049578,0.491228
uid672,672,58,58,33,0,0,36,22,0.620690,0.061181,0.578947
uid673,673,103,102,40,1,1,30,73,0.291262,0.107595,0.701754
uid674,674,102,99,45,3,3,34,68,0.333333,0.104430,0.789474
uid675,675,105,104,38,1,1,90,15,0.857143,0.109705,0.666667
uid676,676,143,142,44,1,1,88,55,0.615385,0.149789,0.771930
uid677,677,126,126,42,0,0,75,51,0.595238,0.132911,0.736842
uid678,678,147,146,45,1,1,86,61,0.585034,0.154008,0.789474
uid679,679,63,62,29,1,1,35,28,0.555556,0.065401,0.508772
uid680,680,187,186,48,1,1,71,116,0.379679,0.196203,0.842105
uid681,681,164,162,47,2,2,58,106,0.353659,0.170886,0.824561
uid682,682,49,48,30,1,1,20,29,0.408163,0.050633,0.526316
uid683,683,32,32,21,0,0,11,21,0.343750,0.033755,0.368421
uid684,684,58,58,36,0,0,36,22,0.620690,0.061181,0.631579
uid685,685,80,80,37,0,0,32,48,0.400000,0.084388,0.649123
uid686,686,120,120,45,0,0,56,64,0.466667,0.126582,0.789474
uid687,687,108,105,42,3,3,87,21,0.805556,0.110759,0.736842
uid688,688,174,174,48,0,0,121,53,0.695402,0.183544,0.842105
uid689,689,97,97,38,0,0,74,23,0.762887,0.102321,0.666667
uid690,690,70,70,39,0,0,33,37,0.471429,0.073840,0.684211
uid691,691,64,61,30,3,3,49,15,0.765625,0.064346,0.526316
uid692,692,136,134,42,2,2,50,86,0.367647,0.141350,0.736842
uid693,693,106,105,37,1,1,57,49,0.537736,0.110759,0.649123
uid694,694,47,47,30,0,0,28,19,0.595745,0.049578,0.526316
uid695,695,153,150,43,3,3,45,108,0.294118,0.158228,0.754386
uid696,696,44,44,28,0,0,16,28,0.363636,0.046414,0.491228
uid697,697,34,34,21,0,0,21,13,0.617647,0.035865,0.368421
uid698,698,58,58,33,0,0,42,16,0.724138,0.061181,0.578947
uid699,699,31,31,25,0,0,4,27,0.129032,0.032700,0.438596
uid700,700,58,58,31,0,0,42,16,0.724138,0.061181,0.543860
uid701,701,131,130,44,1,1,127,4,0.969466,0.137131,0.771930
uid702,702,23,23,18,0,0,12,11,0.521739,0.024262,0.315789
uid703,703,125,124,43,1,1,87,38,0.696000,0.130802,0.754386
uid704,704,66,66,34,0,0,50,16,0.757576,0.069620,0.596491
uid705,705,188,185,48,3,3,85,103,0.452128,0.195148,0.842105
uid706,706,65,64,33,1,1,43,22,0.661538,0.067511,0.578947
uid707,707,62,59,30,3,3,18,44,0.290323,0.062236,0.526316
uid708,708,96,91,41,5,5,72,24,0.750000,0.095992,0.719298
uid709,709,128,127,41,1,1,60,68,0.468750,0.133966,0.719298
uid710,710,183,181,47,2,2,71,112,0.387978,0.190928,0.824561
uid711,711,92,90,36,2,2,46,46,0.500000,0.094937,0.631579
uid712,712,68,68,30,0,0,46,22,0.676471,0.071730,0.526316
uid713,713,76,75,35,1,1,40,36,0.526316,0.079114,0.614035
uid714,714,150,148,44,2,2,50,100,0.333333,0.156118,0.771930
uid715,715,78,77,36,1,1,25,53,0.320513,0.081224,0.631579
uid716,716,125,122,41,3,3,99,26,0.792000,0.128692,0.719298
uid717,717,76,76,38,0,0,64,12,0.842105,0.080169,0.666667
uid718,718,183,180,47,3,3,39,144,0.213115,0.189873,0.824561
uid719,719,137,136,41,1,1,90,47,0.656934,0.143460,0.719298
uid720,720,176,175,42,1,1,53,123,0.301136,0.184599,0.736842
uid721,721,48,48,31,0,0,30,18,0.625000,0.050633,0.543860
uid722,722,112,111,39,1,1,77,35,0.687500,0.117089,0.684211
uid723,723,159,158,45,1,1,86,73,0.540881,0.166667,0.789474
uid724,724,182,181,46,1,1,182,0,1.000000,0.190928,0.807018
uid725,725,69,69,35,0,0,58,11,0.840580,0.072785,0.614035
uid726,726,33,33,23,0,0,6,27,0.181818,0.034810,0.403509
uid727,727,104,103,40,1,1,32,72,0.307692,0.108650,0.701754
uid728,728,56,56,32,0,0,32,24,0.571429,0.059072,0.561404
uid729,729,45,45,29,0,0,16,29,0.355556,0.047468,0.508772
uid730,730,92,90,39,2,2,50,42,0.543478,0.094937,0.684211
uid731,731,81,81,38,0,0,32,49,0.395062,0.085443,0.666667
uid732,732,193,192,49,1,1,63,130,0.326425,0.202532,0.859649
uid733,733,103,102,42,1,1,81,22,0.786408,0.107595,0.736842
uid734,734,60,60,32,0,0,22,38,0.366667,0.063291,0.561404
uid735,735,100,93,47,7,7,65,35,0.650000,0.098101,0.824561
uid736,736,159,158,47,1,1,125,34,0.786164,0.166667,0.824561
uid737,737,84,80,42,4,4,34,50,0.404762,0.084388,0.736842
uid738,738,116,112,42,4,4,49,67,0.422414,0.118143,0.736842
uid739,739,173,172,46,1,1,84,89,0.485549,0.181435,0.807018
uid740,740,146,144,40,2,2,49,97,0.335616,0.151899,0.701754
uid741,741,59,59,31,0,0,39,20,0.661017,0.062236,0.543860
uid742,742,156,153,48,3,3,104,52,0.666667,0.161392,0.842105
uid743,743,129,127,41,2,2,88,41,0.682171,0.133966,0.719298
uid744,744,44,44,25,0,0,32,12,0.727273,0.046414,0.438596
uid745,745,168,168,47,0,0,54,114,0.321429,0.177215,0.824561
uid746,746,168,164,49,4,4,141,27,0.839286,0.172996,0.859649
uid747,747,160,159,44,1,1,119,41,0.743750,0.167722,0.771930
uid748,748,137,136,48,1,1,99,38,0.722628,0.143460,0.842105
uid749,749,104,104,39,0,0,60,44,0.576923,0.109705,0.684211
uid750,750,147,146,46,1,1,74,73,0.503401,0.154008,0.807018
uid751,751,105,103,45,2,2,98,7,0.933333,0.108650,0.789474
uid752,752,118,118,40,0,0,29,89,0.245763,0.124473,0.701754
uid753,753,107,107,44,0,0,70,37,0.654206,0.112869,0.771930
uid754,754,196,196,49,0,0,146,50,0.744898,0.206751,0.859649
uid755,755,177,176,45,1,1,152,25,0.858757,0.185654,0.789474
uid756,756,159,158,44,1,1,70,89,0.440252,0.166667,0.771930
uid757,757,126,124,41,2,2,31,95,0.246032,0.130802,0.719298
uid758,758,145,144,45,1,1,83,62,0.572414,0.151899,0.789474
uid759,759,47,47,31,0,0,46,1,0.978723,0.049578,0.543860
uid760,760,128,126,43,2,2,105,23,0.820312,0.132911,0.754386
uid761,761,165,162,46,3,3,96,69,0.581818,0.170886,0.807018
uid762,762,77,76,35,1,1,27,50,0.350649,0.080169,0.614035
uid763,763,71,67,37,4,4,34,37,0.478873,0.070675,0.649123
uid764,764,92,90,39,2,2,26,66,0.282609,0.094937,0.684211
uid765,765,65,64,30,1,1,19,46,0.292308,0.067511,0.526316
uid766,766,147,141,47,6,6,83,64,0.564626,0.148734,0.824561
uid767,767,129,128,44,1,1,38,91,0.294574,0.135021,0.771930
uid768,768,17,17,14,0,0,7,10,0.411765,0.017932,0.245614
uid769,769,28,27,22,1,1,12,16,0.428571,0.028481,0.385965
uid770,770,108,107,42,1,1,64,44,0.592593,0.112869,0.736842
uid771,771,52,52,29,0,0,11,41,0.211538,0.054852,0.508772
uid772,772,184,181,46,3,3,142,42,0.771739,0.190928,0.807018
uid773,773,104,103,40,1,1,67,37,0.644231,0.108650,0.701754
uid774,774,49,48,29,1,1,11,38,0.224490,0.050633,0.508772
uid775,775,56,56,32,0,0,26,30,0.464286,0.059072,0.561404
uid776,776,58,58,33,0,0,34,24,0.586207,0.061181,0.578947
uid777,777,111,111,44,0,0,78,33,0.702703,0.117089,0.771930
uid778,778,27,27,19,0,0,15,12,0.555556,0.028481,0.333333
uid779,779,195,194,47,1,1,74,121,0.379487,0.204641,0.824561
uid780,780,138,138,47,0,0,40,98,0.289855,0.145570,0.824561
uid781,781,106,106,37,0,0,67,39,0.632075,0.111814,0.649123
uid782,782,88,87,39,1,1,21,67,0.238636,0.091772,0.684211
uid783,783,165,163,45,2,2,60,105,0.363636,0.171941,0.789474
uid784,784,162,161,43,1,1,70,92,0.432099,0.169831,0.754386
uid785,785,148,147,41,1,1,110,38,0.743243,0.155063,0.719298
uid786,786,78,75,38,3,3,38,40,0.487179,0.079114,0.666667
uid787,787,66,62,32,4,4,44,22,0.666667,0.065401,0.561404
uid788,788,105,102,41,3,3,50,55,0.476190,0.107595,0.719298
uid789,789,62,60,39,2,2,51,11,0.822581,0.063291,0.684211
uid790,790,33,33,25,0,0,19,14,0.575758,0.034810,0.438596
uid791,791,100,98,38,2,2,51,49,0.510000,0.103376,0.666667
uid792,792,83,82,39,1,1,33,50,0.397590,0.086498,0.684211
uid793,793,191,189,47,2,2,40,151,0.209424,0.199367,0.824561
uid794,794,40,40,23,0,0,23,17,0.575000,0.042194,0.403509
uid795,795,163,162,44,1,1,125,38,0.766871,0.170886,0.771930
uid796,796,69,69,34,0,0,16,53,0.231884,0.072785,0.596491
uid797,797,72,71,34,1,1,35,37,0.486111,0.074895,0.596491
uid798,798,65,64,33,1,1,50,15,0.769231,0.067511,0.578947
uid799,799,119,118,43,1,1,103,16,0.865546,0.124473,0.754386
uid800,800,187,186,49,1,1,115,72,0.614973,0.196203,0.859649
uid801,801,79,77,36,2,2,37,42,0.468354,0.081224,0.631579
uid802,802,153,152,46,1,1,47,106,0.307190,0.160338,0.807018
uid803,803,192,189,49,3,3,73,119,0.380208,0.199367,0.859649
uid804,804,105,105,40,0,0,85,20,0.809524,0.110759,0.701754
uid805,805,103,103,42,0,0,53,50,0.514563,0.108650,0.736842
uid806,806,190,186,47,4,4,43,147,0.226316,0.196203,0.824561
uid807,807,140,139,45,1,1,57,83,0.407143,0.146624,0.789474
uid808,808,163,159,46,4,4,52,111,0.319018,0.167722,0.807018
uid809,809,116,114,39,2,2,18,98,0.155172,0.120253,0.684211
uid810,810,124,123,43,1,1,52,72,0.419355,0.129747,0.754386
uid811,811,38,37,21,1,1,13,25,0.342105,0.039030,0.368421
uid812,812,95,94,38,1,1,42,53,0.442105,0.099156,0.666667
uid813,813,125,122,42,3,3,82,43,0.656000,0.128692,0.736842
uid814,814,144,142,47,2,2,75,69,0.520833,0.149789,0.824561
uid815,815,147,146,45,1,1,99,48,0.673469,0.154008,0.789474
uid816,816,125,124,43,1,1,56,69,0.448000,0.130802,0.754386
uid817,817,198,194,48,4,4,66,132,0.333333,0.204641,0.842105
uid818,818,127,126,44,1,1,76,51,0.598425,0.132911,0.771930
uid819,819,92,92,37,0,0,35,57,0.380435,0.097046,0.649123
uid820,820,125,124,43,1,1,64,61,0.512000,0.130802,0.754386
uid821,821,119,115,47,4,4,61,58,0.512605,0.121308,0.824561
uid822,822,85,84,36,1,1,36,49,0.423529,0.088608,0.631579
uid823,823,117,116,43,1,1,42,75,0.358974,0.122363,0.754386
uid824,824,160,156,49,4,4,141,19,0.881250,0.164557,0.859649
uid825,825,107,107,44,0,0,31,76,0.289720,0.112869,0.771930
uid826,826,69,68,34,1,1,40,29,0.579710,0.071730,0.596491
uid827,827,36,36,24,0,0,29,7,0.805556,0.037975,0.421053
uid828,828,96,95,41,1,1,63,33,0.656250,0.100211,0.719298
uid829,829,42,39,26,3,3,38,4,0.904762,0.041139,0.456140
uid830,830,85,84,39,1,1,53,32,0.623529,0.088608,0.684211
uid831,831,86,86,37,0,0,32,54,0.372093,0.090717,0.649123
uid832,832,55,54,29,1,1,33,22,0.600000,0.056962,0.508772
uid833,833,64,63,35,1,1,26,38,0.406250,0.066456,0.614035
uid834,834,10,10,9,0,0,7,3,0.700000,0.010549,0.157895
uid835,835,112,111,42,1,1,50,62,0.446429,0.117089,0.736842
uid836,836,65,64,33,1,1,26,39,0.400000,0.067511,0.578947
uid837,837,68,65,35,3,3,26,42,0.382353,0.068565,0.614035
uid838,838,61,59,31,2,2,51,10,0.836066,0.062236,0.543860
uid839,839,36,35,25,1,1,20,16,0.555556,0.036920,0.438596
uid840,840,19,18,17,1,1,12,7,0.631579,0.018987,0.298246
uid841,841,107,105,40,2,2,43,64,0.401869,0.110759,0.701754
uid842,842,136,135,42,1,1,99,37,0.727941,0.142405,0.736842
uid843,843,41,40,23,1,1,12,29,0.292683,0.042194,0.403509
uid844,844,147,146,45,1,1,85,62,0.578231,0.154008,0.789474
uid845,845,99,97,40,2,2,29,70,0.292929,0.102321,0.701754
uid846,846,69,68,34,1,1,69,0,1.000000,0.071730,0.596491
uid847,847,123,123,45,0,0,59,64,0.479675,0.129747,0.789474
uid848,848,131,131,43,0,0,83,48,0.633588,0.138186,0.754386
uid849,849,37,37,26,0,0,28,9,0.756757,0.039030,0.456140
uid850,850,69,68,34,1,1,49,20,0.710145,0.071730,0.596491
uid851,851,144,142,45,2,2,113,31,0.784722,0.149789,0.789474
uid852,852,160,159,45,1,1,114,46,0.712500,0.167722,0.789474
uid853,853,42,40,25,2,2,28,14,0.666667,0.042194,0.438596
uid854,854,70,70,36,0,0,30,40,0.428571,0.073840,0.631579
uid855,855,131,130,45,1,1,45,86,0.343511,0.137131,0.789474
uid856,856,196,196,47,0,0,174,22,0.887755,0.206751,0.824561
uid857,857,135,135,43,0,0,70,65,0.518519,0.142405,0.754386
uid858,858,72,72,35,0,0,46,26,0.638889,0.075949,0.614035
uid859,859,42,41,24,1,1,13,29,0.309524,0.043249,0.421053
uid860,860,23,23,16,0,0,13,10,0.565217,0.024262,0.280702
uid861,861,168,167,46,1,1,70,98,0.416667,0.176160,0.807018
uid862,862,39,39,26,0,0,17,22,0.435897,0.041139,0.456140
uid863,863,58,57,29,1,1,23,35,0.396552,0.060127,0.508772
uid864,864,62,59,31,3,3,17,45,0.274194,0.062236,0.543860
uid865,865,98,98,40,0,0,84,14,0.857143,0.103376,0.701754
uid866,866,173,167,51,6,6,136,37,0.786127,0.176160,0.894737
uid867,867,68,66,31,2,2,34,34,0.500000,0.069620,0.543860
uid868,868,128,127,42,1,1,39,89,0.304688,0.133966,0.736842
uid869,869,192,191,47,1,1,56,136,0.291667,0.201477,0.824561
uid870,870,99,98,41,1,1,34,65,0.343434,0.103376,0.719298
uid871,871,173,170,44,3,3,126,47,0.728324,0.179325,0.771930
uid872,872,143,137,46,6,6,108,35,0.755245,0.144515,0.807018
uid873,873,82,81,34,1,1,54,28,0.658537,0.085443,0.596491
uid874,874,103,101,44,2,2,25,78,0.242718,0.106540,0.771930
uid875,875,145,144,43,1,1,39,106,0.268966,0.151899,0.754386
uid876,876,79,78,37,1,1,57,22,0.721519,0.082278,0.649123
uid877,877,111,111,44,0,0,57,54,0.513514,0.117089,0.771930
uid878,878,50,50,33,0,0,27,23,0.540000,0.052743,0.578947
uid879,879,121,119,39,2,2,69,52,0.570248,0.125527,0.684211
uid880,880,198,195,48,3,3,110,88,0.555556,0.205696,0.842105
uid881,881,145,145,44,0,0,78,67,0.537931,0.152954,0.771930
uid882,882,92,91,37,1,1,28,64,0.304348,0.095992,0.649123
uid883,883,47,47,31,0,0,22,25,0.468085,0.049578,0.543860
uid884,884,10,9,8,1,1,5,5,0.500000,0.009494,0.140351
uid885,885,146,144,41,2,2,45,101,0.308219,0.151899,0.719298
uid886,886,104,102,39,2,2,47,57,0.451923,0.107595,0.684211
uid887,887,137,135,43,2,2,69,68,0.503650,0.142405,0.754386
uid888,888,165,165,46,0,0,57,108,0.345455,0.174051,0.807018
uid889,889,21,20,18,1,1,9,12,0.428571,0.021097,0.315789
uid890,890,42,41,26,1,1,15,27,0.357143,0.043249,0.456140
uid891,891,86,86,43,0,0,37,49,0.430233,0.090717,0.754386
uid892,892,83,82,36,1,1,49,34,0.590361,0.086498,0.631579
uid893,893,111,111,42,0,0,50,61,0.450450,0.117089,0.736842
uid894,894,50,50,28,0,0,33,17,0.660000,0.052743,0.491228
uid895,895,96,92,42,4,4,26,70,0.270833,0.097046,0.736842
uid896,896,125,123,43,2,2,44,81,0.352000,0.129747,0.754386
uid897,897,183,181,47,2,2,132,51,0.721311,0.190928,0.824561
uid898,898,165,163,46,2,2,64,101,0.387879,0.171941,0.807018
uid899,899,158,157,44,1,1,38,120,0.240506,0.165612,0.771930
uid900,900,163,161,43,2,2,50,113,0.306748,0.169831,0.754386
uid901,901,123,123,43,0,0,51,72,0.414634,0.129747,0.754386
uid902,902,57,57,30,0,0,21,36,0.368421,0.060127,0.526316
uid903,903,37,37,24,0,0,33,4,0.891892,0.039030,0.421053
uid904,904,70,68,36,2,2,41,29,0.585714,0.071730,0.631579
uid905,905,176,173,47,3,3,94,82,0.534091,0.182489,0.824561
uid906,906,170,167,45,3,3,57,113,0.335294,0.176160,0.789474
uid907,907,51,51,30,0,0,40,11,0.784314,0.053797,0.526316
uid908,908,86,85,34,1,1,28,58,0.325581,0.089662,0.596491
uid909,909,70,70,35,0,0,40,30,0.571429,0.073840,0.614035
uid910,910,20,20,16,0,0,11,9,0.550000,0.021097,0.280702
uid911,911,155,149,47,6,6,95,60,0.612903,0.157173,0.824561
uid912,912,65,65,36,0,0,38,27,0.584615,0.068565,0.631579
uid913,913,23,22,15,1,1,7,16,0.304348,0.023207,0.263158
uid914,914,173,171,48,2,2,58,115,0.335260,0.180380,0.842105
uid915,915,112,112,42,0,0,30,82,0.267857,0.118143,0.736842
uid916,916,88,88,38,0,0,72,16,0.818182,0.092827,0.666667
uid917,917,60,60,32,0,0,27,33,0.450000,0.063291,0.561404
uid918,918,79,75,35,4,4,41,38,0.518987,0.079114,0.614035
uid919,919,11,11,9,0,0,5,6,0.454545,0.011603,0.157895
uid920,920,136,132,41,4,4,73,63,0.536765,0.139241,0.719298
uid921,921,35,35,27,0,0,9,26,0.257143,0.036920,0.473684
uid922,922,66,61,36,5,5,17,49,0.257576,0.064346,0.631579
uid923,923,167,165,47,2,2,90,77,0.538922,0.174051,0.824561
uid924,924,43,40,28,3,3,29,14,0.674419,0.042194,0.491228
uid925,925,60,56,30,4,4,32,28,0.533333,0.059072,0.526316
uid926,926,17,17,16,0,0,8,9,0.470588,0.017932,0.280702
uid927,927,119,114,44,5,5,55,64,0.462185,0.120253,0.771930
uid928,928,25,24,15,1,1,21,4,0.840000,0.025316,0.263158
uid929,929,123,122,44,1,1,43,80,0.349593,0.128692,0.771930
uid930,930,78,74,41,4,4,16,62,0.205128,0.078059,0.719298
uid931,931,130,126,48,4,4,25,105,0.192308,0.132911,0.842105
uid932,932,49,49,33,0,0,29,20,0.591837,0.051688,0.578947
uid933,933,74,74,37,0,0,53,21,0.716216,0.078059,0.649123
uid934,934,117,116,42,1,1,59,58,0.504274,0.122363,0.736842
